서보모터_각,조도센서 _값
0,321
1,321
2,321
3,329
4,321
5,323
6,320
7,319
8,321
9,318
10,318
11,320
12,318
13,318
14,318
15,318
16,320
17,316
18,318
19,322
20,316
21,319
22,316
23,318
24,320
25,318
26,315
27,319
28,318
29,317
30,317
31,316
32,317
33,316
34,319
35,317
36,316
37,315
38,320
39,316
40,315
41,317
42,317
43,317
44,316
45,316
46,319
47,317
48,316
49,315
50,316
51,319
52,316
53,318
54,319
55,317
56,319
57,317
58,316
59,321
60,317
61,317
62,317
63,317
64,318
65,322
66,317
67,316
68,318
69,317
70,317
71,317
72,323
73,317
74,318
75,317
76,317
77,321
78,318
79,318
80,317
81,323
82,320
83,319
84,320
85,320
86,320
87,321
88,321
89,322
90,325
91,327
92,322
93,321
94,323
95,325
96,323
97,330
98,325
99,328
100,326
101,325
102,334
103,328
104,327
105,327
106,327
107,334
108,329
109,331
110,333
111,331
112,339
113,334
114,336
115,337
116,339
117,339
118,340
119,342
120,344
121,345
122,351
123,350
124,352
125,358
126,358
127,361
128,365
129,370
130,379
131,375
132,382
133,390
134,396
135,403
136,412
137,424
138,441
139,457
140,478
141,498
142,520
143,544
144,561
145,562
146,545
147,523
148,504
149,478
150,460
151,444
152,421
153,408
154,399
155,396
156,386
157,380
158,372
159,367
160,366
161,361
162,356
163,352
164,351
165,352
166,348
167,346
168,344
169,346
170,340
171,340
172,339
173,337
174,347
175,336
176,333
177,332
178,334
179,335
180,330
180,329
179,329
178,328
177,329
176,335
175,332
174,330
173,331
172,334
171,333
170,335
169,341
168,337
167,339
166,339
165,347
164,344
163,345
162,346
161,350
160,355
159,354
158,354
157,357
156,366
155,364
154,369
153,373
152,379
151,384
150,391
149,399
148,412
147,421
146,436
145,451
144,469
143,491
142,512
141,535
140,554
139,569
138,559
137,535
136,514
135,491
134,477
133,454
132,432
131,419
130,409
129,396
128,387
127,381
126,375
125,373
124,366
123,364
122,361
121,357
120,355
119,350
118,350
117,350
116,346
115,343
114,341
113,344
112,340
111,339
110,337
109,335
108,335
107,334
106,332
105,331
104,329
103,332
102,329
101,331
100,326
99,326
98,326
97,323
96,323
95,326
94,327
93,322
92,327
91,323
90,323
89,323
88,321
87,321
86,322
85,321
84,322
83,320
82,322
81,324
80,321
79,319
78,319
77,320
76,320
75,318
74,318
73,318
72,319
71,319
70,318
69,317
68,318
67,319
66,317
65,318
64,317
63,316
62,318
61,317
60,317
59,317
58,318
57,318
56,316
55,318
54,316
53,315
52,314
51,321
50,316
49,318
48,316
47,317
46,327
45,315
44,316
43,316
42,315
41,319
40,320
39,315
38,316
37,317
36,315
35,315
34,316
33,317
32,320
31,318
30,316
29,320
28,315
27,315
26,316
25,316
24,317
23,320
22,317
21,316
20,316
19,319
18,316
17,317
16,320
15,317
14,318
13,317
12,317
11,318
10,318
9,318
8,317
7,323
6,320
5,319
4,319
3,320
2,320
1,321
0,321
0,321
1,321
2,321
3,322
4,322
5,321
6,320
7,320
8,320
9,319
10,325
11,319
12,319
13,318
14,322
15,318
16,318
17,318
18,317
19,319
20,318
21,317
22,317
23,318
24,317
25,317
26,318
27,327
28,318
29,317
30,317
31,317
32,320
33,317
34,317
35,318
36,317
37,318
38,316
39,316
40,316
41,317
42,317
43,316
44,316
45,320
46,317
47,316
48,316
49,316
50,319
51,317
52,316
53,317
54,319
55,322
56,316
57,317
58,318
59,316
60,317
61,319
62,317
63,319
64,315
65,316
66,321
67,325
68,317
69,317
70,320
71,318
72,319
73,317
74,321
75,319
76,319
77,319
78,318
79,319
80,319
81,319
82,320
83,319
84,321
85,319
86,320
87,320
88,320
89,323
90,320
91,320
92,320
93,321
94,322
95,322
96,322
97,323
98,323
99,323
100,329
101,325
102,328
103,331
104,329
105,329
106,335
107,332
108,331
109,331
110,331
111,332
112,334
113,335
114,335
115,337
116,337
117,340
118,340
119,340
120,344
121,347
122,347
123,348
124,358
125,355
126,356
127,358
128,371
129,367
130,374
131,375
132,381
133,389
134,394
135,402
136,411
137,425
138,440
139,456
140,476
141,496
142,525
143,539
144,557
145,562
146,548
147,521
148,500
149,481
150,468
151,441
152,417
153,405
154,401
155,398
156,385
157,379
158,375
159,374
160,365
161,361
162,358
163,354
164,352
165,349
166,349
167,348
168,347
169,346
170,341
171,340
172,338
173,346
174,337
175,334
176,334
177,336
178,332
179,331
180,330
180,335
179,330
178,329
177,329
176,335
175,332
174,329
173,330
172,332
171,342
170,334
169,336
168,337
167,338
166,339
165,342
164,343
163,346
162,348
161,350
160,351
159,352
158,353
157,357
156,367
155,366
154,369
153,376
152,379
151,385
150,390
149,401
148,409
147,421
146,434
145,447
144,466
143,486
142,511
141,535
140,562
139,566
138,555
137,534
136,521
135,501
134,476
133,451
132,433
131,423
130,408
129,396
128,387
127,382
126,389
125,378
124,366
123,367
122,365
121,356
120,352
119,351
118,352
117,346
116,346
115,343
114,341
113,354
112,339
111,337
110,337
109,337
108,335
107,333
106,332
105,331
104,332
103,335
102,332
101,330
100,328
99,331
98,326
97,328
96,326
95,334
94,325
93,323
92,329
91,323
90,325
89,325
88,321
87,323
86,323
85,322
84,322
83,321
82,323
81,324
80,320
79,319
78,320
77,320
76,320
75,318
74,319
73,319
72,322
71,318
70,321
69,318
68,318
67,319
66,318
65,318
64,317
63,318
62,318
61,317
60,321
59,317
58,317
57,318
56,318
55,318
54,317
53,317
52,318
51,317
50,317
49,316
48,317
47,317
46,324
45,316
44,318
43,317
42,316
41,319
40,317
39,315
38,322
37,322
36,316
35,317
34,317
33,317
32,320
31,318
30,318
29,319
28,317
27,318
26,319
25,320
24,318
23,317
22,317
21,318
20,317
19,320
18,317
17,318
16,319
15,318
14,319
13,321
12,318
11,319
10,319
9,319
8,322
7,319
6,320
5,321
4,321
3,321
2,321
1,321
0,323
0,322
1,322
2,321
3,323
4,335
5,324
6,322
7,321
8,321
9,323
10,320
11,320
12,319
13,320
14,321
15,320
16,319
17,319
18,319
19,322
20,318
21,318
22,318
23,319
24,317
25,317
26,316
27,318
28,319
29,316
30,317
31,317
32,317
33,317
34,317
35,317
36,316
37,316
38,317
39,319
40,316
41,316
42,316
43,317
44,318
45,318
46,316
47,316
48,317
49,320
50,316
51,316
52,317
53,316
54,317
55,317
56,316
57,317
58,319
59,317
60,320
61,318
62,319
63,317
64,318
65,319
66,323
67,320
68,317
69,318
70,326
71,318
72,317
73,318
74,320
75,318
76,319
77,320
78,319
79,319
80,325
81,320
82,320
83,326
84,321
85,320
86,320
87,321
88,322
89,321
90,321
91,321
92,323
93,323
94,325
95,324
96,323
97,324
98,329
99,326
100,325
101,325
102,325
103,325
104,329
105,332
106,329
107,330
108,330
109,331
110,333
111,331
112,333
113,333
114,336
115,338
116,338
117,338
118,339
119,341
120,346
121,343
122,347
123,351
124,357
125,354
126,356
127,359
128,365
129,367
130,371
131,374
132,381
133,387
134,394
135,402
136,415
137,424
138,441
139,457
140,477
141,498
142,517
143,540
144,556
145,574
146,549
147,520
148,501
149,489
150,462
151,437
152,420
153,412
154,404
155,397
156,386
157,379
158,378
159,368
160,366
161,361
162,358
163,358
164,354
165,350
166,348
167,349
168,345
169,343
170,340
171,340
172,339
173,338
174,336
175,335
176,339
177,333
178,331
179,331
180,331
180,329
179,328
178,330
177,329
176,337
175,336
174,331
173,332
172,336
171,336
170,336
169,337
168,337
167,339
166,342
165,342
164,345
163,348
162,348
161,355
160,352
159,352
158,356
157,356
156,362
155,364
154,370
153,380
152,380
151,385
150,392
149,403
148,411
147,421
146,432
145,453
144,465
143,486
142,511
141,534
140,560
139,565
138,556
137,538
136,528
135,496
134,471
133,449
132,435
131,420
130,406
129,394
128,388
127,384
126,379
125,373
124,366
123,368
122,361
121,358
120,354
119,353
118,350
117,347
116,343
115,342
114,343
113,343
112,338
111,337
110,337
109,338
108,334
107,333
106,332
105,332
104,330
103,331
102,332
101,329
100,326
99,327
98,325
97,325
96,328
95,325
94,324
93,332
92,328
91,324
90,324
89,322
88,327
87,324
86,322
85,322
84,326
83,326
82,323
81,321
80,321
79,322
78,322
77,321
76,321
75,324
74,320
73,325
72,319
71,319
70,321
69,322
68,321
67,322
66,319
65,322
64,318
63,318
62,319
61,318
60,319
59,317
58,318
57,328
56,322
55,317
54,316
53,317
52,318
51,317
50,317
49,317
48,326
47,316
46,317
45,316
44,319
43,317
42,318
41,317
40,316
39,318
38,316
37,317
36,316
35,325
34,319
33,317
32,318
31,316
30,322
29,320
28,316
27,318
26,317
25,319
24,317
23,317
22,317
21,318
20,316
19,318
18,319
17,317
16,319
15,317
14,318
13,319
12,318
11,318
10,318
9,321
8,320
7,319
6,320
5,321
4,321
3,322
2,320
1,321
0,321
0,322
1,321
2,321
3,324
4,327
5,322
6,321
7,320
8,321
9,321
10,319
11,321
12,319
13,318
14,319
15,319
16,318
17,318
18,321
19,317
20,317
21,325
22,319
23,317
24,317
25,318
26,319
27,317
28,317
29,317
30,318
31,318
32,317
33,317
34,318
35,317
36,316
37,315
38,317
39,318
40,318
41,316
42,321
43,317
44,320
45,316
46,317
47,316
48,318
49,315
50,316
51,315
52,317
53,318
54,317
55,315
56,317
57,319
58,317
59,317
60,322
61,318
62,317
63,317
64,323
65,320
66,321
67,317
68,317
69,317
70,322
71,319
72,318
73,318
74,320
75,319
76,318
77,319
78,326
79,320
80,320
81,320
82,321
83,320
84,322
85,320
86,321
87,321
88,322
89,321
90,325
91,328
92,323
93,322
94,323
95,324
96,325
97,324
98,326
99,327
100,332
101,326
102,327
103,328
104,329
105,329
106,330
107,330
108,331
109,332
110,334
111,331
112,335
113,334
114,336
115,336
116,338
117,339
118,342
119,341
120,342
121,343
122,347
123,352
124,351
125,353
126,356
127,364
128,364
129,368
130,370
131,377
132,381
133,386
134,394
135,402
136,413
137,425
138,442
139,456
140,478
141,492
142,516
143,539
144,562
145,576
146,548
147,520
148,507
149,481
150,457
151,435
152,419
153,416
154,403
155,393
156,384
157,383
158,373
159,366
160,363
161,361
162,361
163,355
164,350
165,349
166,351
167,347
168,345
169,342
170,339
171,349
172,338
173,336
174,335
175,336
176,333
177,331
178,330
179,341
180,330
180,330
179,327
178,328
177,335
176,338
175,329
174,329
173,332
172,332
171,334
170,334
169,337
168,336
167,337
166,338
165,340
164,347
163,344
162,346
161,347
160,350
159,352
158,356
157,357
156,360
155,363
154,368
153,373
152,379
151,384
150,391
149,402
148,410
147,419
146,433
145,447
144,468
143,488
142,514
141,537
140,554
139,567
138,560
137,545
136,524
135,492
134,474
133,455
132,432
131,416
130,404
129,396
128,398
127,382
126,375
125,372
124,366
123,366
122,359
121,356
120,353
119,351
118,350
117,346
116,345
115,350
114,341
113,340
112,338
111,340
110,339
109,335
108,335
107,334
106,336
105,331
104,332
103,330
102,335
101,329
100,327
99,327
98,327
97,327
96,326
95,324
94,324
93,328
92,327
91,323
90,322
89,324
88,323
87,324
86,321
85,321
84,324
83,322
82,320
81,321
80,322
79,321
78,322
77,319
76,321
75,322
74,319
73,319
72,319
71,323
70,320
69,320
68,318
67,331
66,319
65,319
64,319
63,318
62,319
61,319
60,317
59,317
58,317
57,317
56,318
55,317
54,316
53,317
52,317
51,317
50,317
49,317
48,323
47,316
46,318
45,317
44,317
43,320
42,316
41,318
40,316
39,317
38,316
37,319
36,316
35,317
34,316
33,316
32,323
31,317
30,315
29,316
28,316
27,317
26,319
25,317
24,316
23,317
22,318
21,318
20,318
19,319
18,319
17,319
16,319
15,318
14,319
13,319
12,319
11,319
10,319
9,320
8,320
7,320
6,319
5,322
4,320
3,320
2,321
1,320
0,321
0,321
1,322
2,326
3,324
4,327
5,321
6,320
7,326
8,320
9,319
10,319
11,325
12,318
13,318
14,319
15,322
16,320
17,319
18,318
19,317
20,321
21,318
22,317
23,318
24,317
25,317
26,319
27,316
28,318
29,317
30,317
31,318
32,317
33,317
34,321
35,318
36,316
37,317
38,315
39,318
40,316
41,318
42,322
43,320
44,317
45,316
46,318
47,317
48,316
49,317
50,316
51,316
52,317
53,317
54,318
55,318
56,317
57,317
58,317
59,324
60,323
61,319
62,317
63,317
64,317
65,318
66,318
67,318
68,320
69,317
70,320
71,318
72,320
73,320
74,324
75,319
76,319
77,324
78,320
79,318
80,319
81,320
82,320
83,319
84,320
85,320
86,323
87,321
88,322
89,321
90,331
91,323
92,322
93,322
94,323
95,323
96,323
97,324
98,324
99,324
100,326
101,326
102,326
103,327
104,328
105,335
106,330
107,337
108,334
109,332
110,331
111,331
112,331
113,334
114,336
115,336
116,337
117,339
118,340
119,342
120,342
121,346
122,346
123,348
124,352
125,354
126,359
127,361
128,363
129,366
130,371
131,375
132,381
133,387
134,396
135,402
136,414
137,427
138,443
139,458
140,479
141,499
142,523
143,544
144,562
145,561
146,543
147,522
148,499
149,480
150,458
151,439
152,423
153,414
154,400
155,392
156,384
157,380
158,371
159,366
160,365
161,364
162,357
163,353
164,350
165,352
166,349
167,346
168,344
169,344
170,339
171,339
172,337
173,337
174,337
175,337
176,332
177,330
178,332
179,329
180,328
180,329
179,328
178,328
177,329
176,330
175,329
174,330
173,332
172,334
171,332
170,335
169,336
168,338
167,339
166,339
165,341
164,344
163,345
162,347
161,349
160,351
159,354
158,353
157,356
156,361
155,365
154,370
153,374
152,381
151,385
150,392
149,400
148,409
147,420
146,434
145,449
144,469
143,489
142,517
141,537
140,554
139,567
138,565
137,545
136,517
135,491
134,479
133,451
132,430
131,417
130,407
129,401
128,392
127,381
126,377
125,376
124,367
123,363
122,361
121,361
120,353
119,350
118,348
117,348
116,346
115,344
114,342
113,341
112,339
111,338
110,337
109,336
108,335
107,339
106,334
105,331
104,332
103,338
102,330
101,329
100,327
99,327
98,331
97,326
96,326
95,328
94,327
93,326
92,326
91,324
90,325
89,323
88,323
87,322
86,324
85,322
84,323
83,322
82,322
81,321
80,321
79,320
78,321
77,320
76,322
75,320
74,319
73,319
72,325
71,320
70,318
69,319
68,318
67,318
66,318
65,319
64,322
63,320
62,319
61,318
60,318
59,317
58,321
57,318
56,317
55,318
54,317
53,318
52,318
51,321
50,318
49,320
48,316
47,316
46,317
45,320
44,318
43,316
42,317
41,331
40,316
39,317
38,317
37,321
36,316
35,316
34,316
33,316
32,324
31,315
30,316
29,318
28,319
27,316
26,315
25,316
24,317
23,321
22,321
21,317
20,323
19,317
18,318
17,318
16,320
15,317
14,319
13,318
12,319
11,323
10,318
9,317
8,319
7,320
6,324
5,320
4,320
3,319
2,323
1,320
0,321
0,322
1,321
2,325
3,322
4,321
5,326
6,320
7,321
8,319
9,319
10,320
11,320
12,319
13,318
14,321
15,318
16,317
17,319
18,318
19,319
20,318
21,318
22,316
23,320
24,318
25,317
26,317
27,317
28,317
29,317
30,317
31,316
32,315
33,316
34,318
35,316
36,316
37,321
38,316
39,316
40,315
41,318
42,315
43,316
44,314
45,315
46,319
47,314
48,315
49,316
50,316
51,316
52,315
53,317
54,317
55,319
56,315
57,315
58,317
59,317
60,319
61,317
62,320
63,322
64,321
65,317
66,317
67,317
68,318
69,317
70,317
71,316
72,317
73,317
74,316
75,319
76,321
77,320
78,318
79,319
80,320
81,321
82,320
83,319
84,319
85,321
86,321
87,320
88,321
89,325
90,322
91,322
92,322
93,322
94,331
95,322
96,323
97,325
98,331
99,323
100,325
101,325
102,334
103,332
104,328
105,328
106,329
107,331
108,330
109,330
110,331
111,334
112,332
113,332
114,334
115,338
116,339
117,338
118,340
119,341
120,344
121,344
122,347
123,348
124,352
125,354
126,356
127,359
128,363
129,367
130,370
131,375
132,380
133,387
134,395
135,401
136,411
137,425
138,441
139,460
140,479
141,500
142,526
143,542
144,558
145,565
146,549
147,521
148,500
149,479
150,459
151,445
152,423
153,409
154,400
155,399
156,386
157,378
158,372
159,369
160,365
161,364
162,356
163,355
164,351
165,350
166,349
167,348
168,344
169,343
170,339
171,339
172,338
173,337
174,336
175,334
176,332
177,331
178,330
179,334
180,331
180,329
179,329
178,334
177,330
176,329
175,336
174,330
173,331
172,333
171,334
170,342
169,336
168,337
167,337
166,346
165,341
164,344
163,343
162,346
161,352
160,350
159,352
158,356
157,357
156,363
155,365
154,370
153,376
152,380
151,385
150,391
149,402
148,409
147,418
146,432
145,447
144,467
143,487
142,516
141,538
140,555
139,572
138,564
137,543
136,520
135,498
134,476
133,450
132,434
131,420
130,425
129,401
128,390
127,383
126,379
125,375
124,366
123,362
122,362
121,357
120,353
119,351
118,349
117,347
116,346
115,342
114,342
113,344
112,341
111,338
110,339
109,336
108,336
107,335
106,333
105,332
104,333
103,329
102,333
101,329
100,327
99,329
98,327
97,327
96,330
95,331
94,325
93,324
92,325
91,324
90,323
89,324
88,324
87,323
86,324
85,322
84,322
83,321
82,327
81,321
80,320
79,320
78,319
77,319
76,320
75,320
74,320
73,319
72,321
71,318
70,317
69,323
68,319
67,319
66,318
65,317
64,327
63,320
62,317
61,317
60,317
59,318
58,317
57,318
56,318
55,319
54,317
53,320
52,317
51,318
50,317
49,318
48,317
47,316
46,318
45,317
44,319
43,318
42,318
41,317
40,317
39,316
38,320
37,317
36,316
35,320
34,315
33,316
32,320
31,319
30,318
29,325
28,317
27,317
26,317
25,318
24,317
23,323
22,316
21,317
20,319
19,321
18,317
17,317
16,322
15,319
14,318
13,319
12,318
11,321
10,318
9,318
8,318
7,325
6,319
5,320
4,320
3,321
2,321
1,321
0,321
0,322
1,321
2,323
3,322
4,327
5,321
6,320
7,320
8,319
9,321
10,319
11,319
12,319
13,320
14,318
15,323
16,319
17,319
18,320
19,325
20,318
21,322
22,318
23,320
24,316
25,317
26,318
27,317
28,317
29,316
30,317
31,320
32,317
33,316
34,319
35,318
36,316
37,317
38,317
39,316
40,323
41,317
42,316
43,317
44,317
45,317
46,317
47,317
48,315
49,317
50,317
51,316
52,318
53,320
54,326
55,319
56,316
57,316
58,317
59,319
60,317
61,317
62,322
63,317
64,317
65,322
66,327
67,318
68,317
69,318
70,319
71,320
72,321
73,319
74,318
75,320
76,318
77,320
78,319
79,319
80,323
81,320
82,319
83,320
84,320
85,322
86,319
87,320
88,324
89,321
90,322
91,322
92,324
93,324
94,323
95,322
96,323
97,327
98,325
99,324
100,325
101,327
102,327
103,329
104,328
105,335
106,331
107,330
108,330
109,333
110,334
111,333
112,332
113,334
114,336
115,338
116,340
117,339
118,339
119,344
120,344
121,345
122,346
123,349
124,353
125,354
126,357
127,359
128,366
129,365
130,369
131,374
132,381
133,387
134,396
135,403
136,418
137,423
138,441
139,460
140,476
141,496
142,521
143,543
144,558
145,568
146,547
147,519
148,500
149,488
150,478
151,445
152,425
153,412
154,404
155,394
156,384
157,380
158,376
159,371
160,368
161,360
162,357
163,356
164,352
165,350
166,349
167,351
168,345
169,343
170,340
171,339
172,339
173,337
174,336
175,335
176,333
177,333
178,331
179,331
180,333
180,330
179,329
178,330
177,330
176,343
175,332
174,333
173,332
172,333
171,337
170,336
169,336
168,341
167,338
166,341
165,343
164,344
163,346
162,351
161,352
160,351
159,352
158,367
157,358
156,362
155,366
154,369
153,379
152,381
151,386
150,391
149,401
148,410
147,420
146,433
145,449
144,467
143,488
142,513
141,537
140,559
139,566
138,559
137,540
136,527
135,495
134,470
133,449
132,433
131,426
130,410
129,398
128,389
127,384
126,376
125,371
124,369
123,365
122,361
121,356
120,354
119,351
118,352
117,348
116,345
115,343
114,343
113,341
112,340
111,338
110,340
109,340
108,336
107,335
106,333
105,338
104,332
103,331
102,329
101,329
100,329
99,330
98,327
97,330
96,326
95,328
94,326
93,327
92,328
91,325
90,323
89,324
88,323
87,323
86,323
85,323
84,324
83,324
82,327
81,323
80,322
79,323
78,324
77,321
76,322
75,321
74,322
73,321
72,319
71,320
70,322
69,321
68,319
67,319
66,320
65,321
64,322
63,319
62,320
61,322
60,319
59,319
58,319
57,319
56,322
55,318
54,318
53,320
52,322
51,319
50,319
49,318
48,320
47,318
46,319
45,318
44,319
43,317
42,318
41,319
40,317
39,318
38,317
37,317
36,319
35,318
34,318
33,318
32,318
31,317
30,319
29,324
28,317
27,317
26,320
25,316
24,316
23,317
22,319
21,318
20,318
19,318
18,319
17,318
16,320
15,319
14,319
13,325
12,319
11,320
10,319
9,319
8,327
7,320
6,320
5,321
4,323
3,322
2,322
1,321
0,322
0,323
1,323
2,322
3,323
4,333
5,326
6,323
7,321
8,321
9,322
10,321
11,319
12,319
13,320
14,320
15,321
16,319
17,321
18,321
19,320
20,318
21,325
22,318
23,319
24,317
25,320
26,322
27,318
28,317
29,319
30,317
31,317
32,315
33,316
34,319
35,325
36,317
37,317
38,316
39,318
40,316
41,317
42,320
43,330
44,317
45,318
46,318
47,317
48,317
49,318
50,317
51,317
52,316
53,315
54,317
55,317
56,322
57,321
58,318
59,318
60,317
61,318
62,320
63,318
64,317
65,321
66,317
67,320
68,318
69,318
70,319
71,319
72,319
73,318
74,326
75,319
76,317
77,320
78,320
79,319
80,321
81,320
82,320
83,321
84,321
85,321
86,321
87,323
88,323
89,321
90,322
91,324
92,324
93,323
94,324
95,324
96,334
97,325
98,325
99,328
100,327
101,326
102,327
103,327
104,335
105,330
106,329
107,332
108,331
109,333
110,335
111,333
112,334
113,335
114,339
115,339
116,340
117,340
118,342
119,343
120,346
121,346
122,347
123,353
124,353
125,354
126,357
127,363
128,367
129,368
130,371
131,376
132,382
133,390
134,397
135,404
136,416
137,428
138,443
139,458
140,480
141,499
142,522
143,544
144,564
145,568
146,547
147,521
148,503
149,495
150,470
151,443
152,424
153,416
154,405
155,395
156,387
157,380
158,391
159,373
160,368
161,364
162,367
163,358
164,354
165,352
166,352
167,351
168,348
169,346
170,343
171,357
172,339
173,339
174,338
175,337
176,336
177,333
178,332
179,332
180,331
180,331
179,332
178,331
177,334
176,336
175,332
174,332
173,334
172,336
171,336
170,336
169,337
168,339
167,339
166,340
165,342
164,348
163,348
162,352
161,354
160,356
159,354
158,356
157,359
156,363
155,368
154,372
153,376
152,380
151,386
150,393
149,401
148,410
147,420
146,434
145,451
144,468
143,491
142,514
141,537
140,558
139,567
138,562
137,546
136,521
135,492
134,473
133,457
132,435
131,419
130,407
129,398
128,394
127,384
126,378
125,374
124,368
123,365
122,359
121,357
120,356
119,353
118,355
117,349
116,347
115,346
114,343
113,342
112,340
111,340
110,346
109,338
108,336
107,335
106,337
105,335
104,334
103,334
102,332
101,336
100,331
99,329
98,328
97,330
96,329
95,327
94,328
93,328
92,331
91,327
90,326
89,326
88,325
87,328
86,325
85,324
84,327
83,327
82,322
81,322
80,323
79,324
78,324
77,321
76,322
75,323
74,321
73,322
72,321
71,324
70,321
69,322
68,321
67,322
66,322
65,327
64,322
63,322
62,321
61,322
60,321
59,321
58,319
57,322
56,322
55,320
54,321
53,320
52,319
51,320
50,318
49,324
48,320
47,319
46,318
45,318
44,327
43,319
42,319
41,319
40,318
39,322
38,319
37,318
36,318
35,323
34,320
33,319
32,324
31,320
30,322
29,319
28,319
27,319
26,321
25,320
24,320
23,322
22,320
21,321
20,321
19,320
18,321
17,320
16,319
15,320
14,324
13,321
12,321
11,321
10,320
9,322
8,323
7,321
6,323
5,331
4,324
3,322
2,323
1,325
0,323
0,324
1,324
2,323
3,330
4,328
5,325
6,322
7,322
8,322
9,322
10,320
11,322
12,322
13,322
14,321
15,321
16,321
17,322
18,322
19,321
20,322
21,321
22,321
23,322
24,320
25,320
26,319
27,318
28,321
29,325
30,319
31,320
32,319
33,318
34,319
35,325
36,318
37,318
38,320
39,319
40,318
41,318
42,322
43,320
44,318
45,319
46,319
47,317
48,317
49,318
50,317
51,322
52,318
53,317
54,319
55,319
56,319
57,320
58,319
59,323
60,319
61,320
62,319
63,318
64,321
65,320
66,321
67,319
68,321
69,319
70,320
71,320
72,320
73,319
74,320
75,320
76,320
77,326
78,322
79,322
80,323
81,323
82,324
83,323
84,322
85,323
86,324
87,325
88,323
89,325
90,327
91,326
92,325
93,326
94,327
95,327
96,331
97,327
98,328
99,330
100,328
101,328
102,331
103,332
104,329
105,329
106,331
107,331
108,335
109,333
110,333
111,334
112,336
113,337
114,338
115,338
116,340
117,345
118,344
119,344
120,346
121,349
122,350
123,352
124,355
125,358
126,360
127,363
128,365
129,369
130,374
131,377
132,386
133,391
134,397
135,406
136,418
137,429
138,445
139,462
140,478
141,500
142,523
143,545
144,565
145,561
146,543
147,523
148,511
149,488
150,465
151,443
152,426
153,413
154,401
155,394
156,386
157,385
158,378
159,370
160,365
161,367
162,362
163,355
164,352
165,358
166,355
167,350
168,346
169,348
170,344
171,344
172,339
173,340
174,340
175,341
176,334
177,334
178,334
179,339
180,332
180,332
179,331
178,331
177,342
176,331
175,333
174,332
173,339
172,336
171,336
170,336
169,342
168,340
167,341
166,342
165,348
164,346
163,348
162,351
161,351
160,354
159,356
158,357
157,359
156,363
155,368
154,372
153,376
152,380
151,391
150,393
149,403
148,411
147,421
146,437
145,451
144,470
143,489
142,514
141,536
140,554
139,565
138,567
137,542
136,514
135,489
134,475
133,451
132,432
131,420
130,411
129,402
128,392
127,384
126,378
125,377
124,369
123,367
122,363
121,360
120,363
119,354
118,351
117,349
116,350
115,346
114,345
113,346
112,342
111,351
110,341
109,338
108,337
107,338
106,336
105,335
104,334
103,343
102,335
101,337
100,332
99,331
98,331
97,330
96,329
95,330
94,334
93,332
92,328
91,327
90,330
89,334
88,325
87,325
86,325
85,327
84,326
83,324
82,324
81,324
80,328
79,322
78,323
77,323
76,330
75,324
74,323
73,320
72,324
71,321
70,322
69,320
68,320
67,326
66,321
65,320
64,320
63,327
62,321
61,320
60,320
59,319
58,322
57,323
56,320
55,320
54,320
53,320
52,320
51,319
50,323
49,326
48,319
47,319
46,320
45,319
44,318
43,319
42,320
41,327
40,318
39,318
38,318
37,325
36,318
35,318
34,320
33,320
32,324
31,319
30,319
29,320
28,320
27,319
26,319
25,320
24,320
23,320
22,322
21,319
20,320
19,324
18,320
17,320
16,321
15,322
14,321
13,322
12,321
11,321
10,325
9,324
8,322
7,322
6,328
5,322
4,324
3,324
2,324
1,324
0,324
0,325
1,325
2,329
3,328
4,325
5,324
6,322
7,322
8,320
9,320
10,321
11,322
12,323
13,319
14,320
15,320
16,319
17,319
18,319
19,320
20,320
21,318
22,319
23,322
24,319
25,322
26,318
27,319
28,324
29,319
30,318
31,318
32,318
33,317
34,318
35,317
36,318
37,317
38,320
39,316
40,318
41,320
42,319
43,318
44,317
45,318
46,317
47,317
48,317
49,315
50,319
51,318
52,317
53,319
54,320
55,322
56,318
57,319
58,318
59,327
60,320
61,317
62,317
63,326
64,318
65,318
66,319
67,321
68,319
69,319
70,319
71,318
72,327
73,320
74,318
75,319
76,321
77,323
78,320
79,320
80,321
81,325
82,324
83,320
84,320
85,326
86,321
87,322
88,322
89,324
90,327
91,322
92,323
93,323
94,326
95,325
96,325
97,325
98,328
99,328
100,326
101,327
102,337
103,329
104,335
105,330
106,330
107,331
108,333
109,332
110,335
111,334
112,334
113,335
114,336
115,337
116,341
117,339
118,340
119,342
120,345
121,348
122,347
123,349
124,351
125,356
126,356
127,360
128,364
129,369
130,372
131,374
132,382
133,387
134,395
135,404
136,412
137,423
138,445
139,454
140,473
141,495
142,520
143,539
144,554
145,562
146,544
147,527
148,506
149,480
150,460
151,443
152,421
153,408
154,400
155,397
156,387
157,384
158,373
159,368
160,370
161,361
162,356
163,353
164,351
165,348
166,350
167,347
168,346
169,346
170,342
171,340
172,339
173,343
174,338
175,334
176,334
177,332
178,334
179,331
180,335
180,333
179,329
178,331
177,330
176,329
175,334
174,331
173,332
172,333
171,337
170,342
169,337
168,339
167,339
166,344
165,344
164,344
163,345
162,348
161,356
160,353
159,354
158,355
157,366
156,361
155,365
154,370
153,374
152,379
151,383
150,391
149,402
148,410
147,421
146,433
145,447
144,465
143,484
142,510
141,531
140,552
139,569
138,558
137,535
136,512
135,492
134,471
133,446
132,428
131,418
130,410
129,398
128,387
127,381
126,382
125,373
124,366
123,363
122,361
121,360
120,355
119,351
118,348
117,359
116,345
115,342
114,342
113,343
112,343
111,340
110,337
109,337
108,338
107,337
106,334
105,333
104,331
103,334
102,330
101,330
100,329
99,335
98,329
97,328
96,330
95,329
94,327
93,327
92,331
91,325
90,333
89,328
88,325
87,325
86,324
85,324
84,325
83,323
82,323
81,323
80,326
79,323
78,322
77,323
76,324
75,321
74,321
73,324
72,321
71,321
70,323
69,321
68,322
67,323
66,320
65,320
64,324
63,320
62,320
61,320
60,320
59,319
58,322
57,319
56,322
55,320
54,318
53,319
52,320
51,322
50,317
49,323
48,318
47,319
46,320
45,319
44,319
43,319
42,320
41,321
40,319
39,322
38,319
37,319
36,320
35,319
34,318
33,333
32,327
31,319
30,319
29,320
28,320
27,318
26,320
25,321
24,319
23,319
22,319
21,320
20,322
19,319
18,320
17,320
16,321
15,320
14,320
13,320
12,320
11,321
10,322
9,321
8,320
7,328
6,321
5,322
4,322
3,321
2,324
1,323
0,322
0,323
1,322
2,326
3,323
4,323
5,330
6,321
7,322
8,320
9,321
10,322
11,320
12,319
13,319
14,326
15,321
16,319
17,320
18,320
19,323
20,318
21,318
22,319
23,318
24,318
25,318
26,317
27,321
28,319
29,318
30,318
31,322
32,318
33,317
34,320
35,318
36,317
37,321
38,317
39,318
40,318
41,316
42,316
43,317
44,317
45,321
46,318
47,317
48,318
49,319
50,321
51,317
52,317
53,318
54,317
55,324
56,319
57,317
58,318
59,317
60,320
61,318
62,322
63,319
64,318
65,325
66,320
67,319
68,318
69,318
70,319
71,319
72,319
73,319
74,321
75,320
76,319
77,320
78,320
79,321
80,323
81,319
82,320
83,322
84,322
85,321
86,320
87,322
88,323
89,321
90,323
91,323
92,324
93,325
94,323
95,324
96,325
97,331
98,326
99,326
100,330
101,328
102,327
103,335
104,329
105,329
106,338
107,329
108,331
109,330
110,331
111,335
112,333
113,333
114,335
115,343
116,338
117,337
118,339
119,341
120,344
121,345
122,346
123,348
124,356
125,353
126,356
127,358
128,366
129,367
130,373
131,373
132,380
133,388
134,394
135,401
136,411
137,423
138,443
139,455
140,474
141,497
142,519
143,540
144,557
145,563
146,553
147,525
148,499
149,481
150,470
151,441
152,418
153,408
154,400
155,397
156,385
157,379
158,375
159,377
160,364
161,360
162,357
163,355
164,352
165,349
166,347
167,348
168,350
169,345
170,342
171,338
172,338
173,339
174,337
175,333
176,333
177,334
178,330
179,331
180,331
180,330
179,328
178,329
177,329
176,334
175,332
174,331
173,331
172,332
171,336
170,337
169,336
168,338
167,338
166,342
165,342
164,344
163,345
162,347
161,355
160,350
159,353
158,358
157,363
156,361
155,366
154,369
153,376
152,380
151,384
150,391
149,402
148,410
147,419
146,434
145,447
144,469
143,483
142,507
141,532
140,556
139,567
138,557
137,536
136,520
135,490
134,466
133,447
132,431
131,421
130,412
129,396
128,388
127,383
126,377
125,370
124,369
123,364
122,364
121,357
120,355
119,353
118,355
117,350
116,347
115,344
114,343
113,345
112,341
111,342
110,339
109,339
108,337
107,335
106,334
105,338
104,333
103,331
102,331
101,331
100,333
99,330
98,335
97,328
96,327
95,327
94,333
93,327
92,327
91,325
90,327
89,324
88,325
87,332
86,323
85,322
84,322
83,321
82,324
81,320
80,322
79,319
78,320
77,320
76,320
75,320
74,320
73,320
72,319
71,320
70,321
69,325
68,317
67,318
66,318
65,322
64,319
63,317
62,319
61,319
60,319
59,318
58,318
57,317
56,317
55,320
54,316
53,318
52,319
51,324
50,316
49,317
48,317
47,316
46,321
45,316
44,317
43,317
42,319
41,318
40,317
39,318
38,316
37,317
36,316
35,317
34,318
33,318
32,317
31,318
30,320
29,327
28,317
27,318
26,320
25,318
24,318
23,319
22,318
21,319
20,318
19,319
18,319
17,319
16,319
15,320
14,319
13,320
12,319
11,325
10,319
9,319
8,322
7,321
6,320
5,320
4,327
3,322
2,321
1,322
0,322